transaction_id,sender_id,receiver_id,amount,timestamp
T0001,acc82,acc15,1348.04,01-01-2025 09:03
T0002,acc36,acc32,11238.22,01-01-2025 09:06
T0003,acc95,acc14,33867.3,01-01-2025 09:09
T0004,acc115,acc70,4438.25,01-01-2025 09:12
T0005,acc55,acc5,1586.88,01-01-2025 09:15
T0006,acc28,acc30,25317.23,01-01-2025 09:18
T0007,acc4,acc72,10022,01-01-2025 09:21
T0008,acc84,acc90,27292.58,01-01-2025 09:24
T0009,acc29,acc58,29504.36,01-01-2025 09:27
T0010,acc104,acc112,424.29,01-01-2025 09:30
T0011,acc104,acc21,34937.16,01-01-2025 09:33
T0012,acc44,acc36,7858.43,01-01-2025 09:36
T0013,acc98,acc44,5200.29,01-01-2025 09:39
T0014,acc49,acc13,18013.07,01-01-2025 09:42
T0015,acc45,acc78,13299.59,01-01-2025 09:45
T0016,acc6,acc94,23025.3,01-01-2025 09:48
T0017,acc16,acc119,18988.87,01-01-2025 09:51
T0018,acc71,acc38,41487.29,01-01-2025 09:54
T0019,acc80,acc114,43099.17,01-01-2025 09:57
T0020,acc74,acc25,35258.13,01-01-2025 10:00
T0021,acc6,acc85,11472.12,01-01-2025 10:03
T0022,acc38,acc11,42780.35,01-01-2025 10:06
T0023,acc111,acc13,19068.3,01-01-2025 10:09
T0024,acc59,acc82,41722.11,01-01-2025 10:12
T0025,acc21,acc48,17828.01,01-01-2025 10:15
T0026,acc86,acc35,35120.83,01-01-2025 10:18
T0027,acc88,acc83,3662.99,01-01-2025 10:21
T0028,acc82,acc22,26753.58,01-01-2025 10:24
T0029,acc32,acc21,23166.78,01-01-2025 10:27
T0030,acc35,acc119,32035.99,01-01-2025 10:30
T0031,acc72,acc29,34262.25,01-01-2025 10:33
T0032,acc108,acc99,38822.4,01-01-2025 10:36
T0033,acc30,acc106,1701.8,01-01-2025 10:39
T0034,acc41,acc52,13460.27,01-01-2025 10:42
T0035,acc28,acc117,47151.19,01-01-2025 10:45
T0036,acc113,acc92,15802.43,01-01-2025 10:48
T0037,acc84,acc64,19842.03,01-01-2025 10:51
T0038,acc118,acc83,22996.71,01-01-2025 10:54
T0039,acc34,acc18,12406.71,01-01-2025 10:57
T0040,acc72,acc69,13210.81,01-01-2025 11:00
T0041,acc75,acc55,44901.36,01-01-2025 11:03
T0042,acc52,acc47,11044.11,01-01-2025 11:06
T0043,acc18,acc66,24726.44,01-01-2025 11:09
T0044,acc97,acc7,43069.04,01-01-2025 11:12
T0045,acc20,acc81,8083.1,01-01-2025 11:15
T0046,acc88,acc55,29860.81,01-01-2025 11:18
T0047,acc50,acc49,29834.83,01-01-2025 11:21
T0048,acc60,acc68,12645.56,01-01-2025 11:24
T0049,acc71,acc111,47127.3,01-01-2025 11:27
T0050,acc88,acc93,5816.13,01-01-2025 11:30
T0051,acc114,acc69,37568.8,01-01-2025 11:33
T0052,acc99,acc83,17074.76,01-01-2025 11:36
T0053,acc38,acc56,7992.07,01-01-2025 11:39
T0054,acc1,acc93,43805.06,01-01-2025 11:42
T0055,acc34,acc65,38121.91,01-01-2025 11:45
T0056,acc65,acc117,5409.9,01-01-2025 11:48
T0057,acc81,acc39,42099.3,01-01-2025 11:51
T0058,acc65,acc78,10025.66,01-01-2025 11:54
T0059,acc48,acc98,8161.3,01-01-2025 11:57
T0060,acc100,acc119,26564.65,01-01-2025 12:00
T0061,acc1,acc77,16275.39,01-01-2025 12:03
T0062,acc3,acc15,46462.02,01-01-2025 12:06
T0063,acc113,acc107,40358.06,01-01-2025 12:09
T0064,acc31,acc8,12119.49,01-01-2025 12:12
T0065,acc73,acc11,4374.11,01-01-2025 12:15
T0066,acc63,acc105,3553.7,01-01-2025 12:18
T0067,acc98,acc69,38315.14,01-01-2025 12:21
T0068,acc17,acc85,23816.59,01-01-2025 12:24
T0069,acc71,acc22,13326.33,01-01-2025 12:27
T0070,acc112,acc78,21214.58,01-01-2025 12:30
T0071,acc28,acc119,27010.87,01-01-2025 12:33
T0072,acc94,acc89,10137.44,01-01-2025 12:36
T0073,acc40,acc52,49757.95,01-01-2025 12:39
T0074,acc84,acc48,21961.19,01-01-2025 12:42
T0075,acc67,acc58,6138.11,01-01-2025 12:45
T0076,acc29,acc9,16970.47,01-01-2025 12:48
T0077,acc76,acc71,11582.73,01-01-2025 12:51
T0078,acc29,acc1,3642.55,01-01-2025 12:54
T0079,acc81,acc8,11524.2,01-01-2025 12:57
T0080,acc116,acc5,42995.81,01-01-2025 13:00
T0081,acc10,acc66,11976.43,01-01-2025 13:03
T0082,acc86,acc63,10790.42,01-01-2025 13:06
T0083,acc17,acc93,46782.16,01-01-2025 13:09
T0084,acc74,acc61,12225.56,01-01-2025 13:12
T0085,acc61,acc104,20412.29,01-01-2025 13:15
T0086,acc13,acc85,21609.45,01-01-2025 13:18
T0087,acc55,acc53,23404.53,01-01-2025 13:21
T0088,acc94,acc7,33700.89,01-01-2025 13:24
T0089,acc83,acc13,3124.57,01-01-2025 13:27
T0090,acc94,acc44,40049.57,01-01-2025 13:30
T0091,acc14,acc32,9660.34,01-01-2025 13:33
T0092,acc69,acc58,7095.1,01-01-2025 13:36
T0093,acc24,acc36,23185.14,01-01-2025 13:39
T0094,acc112,acc119,3861.71,01-01-2025 13:42
T0095,acc104,acc111,42812.75,01-01-2025 13:45
T0096,acc13,acc7,32642.03,01-01-2025 13:48
T0097,acc70,acc108,836.42,01-01-2025 13:51
T0098,acc12,acc119,37702.92,01-01-2025 13:54
T0099,acc31,acc22,20380.06,01-01-2025 13:57
T0100,acc62,acc28,43246.05,01-01-2025 14:00
T0101,acc116,acc8,8315.39,01-01-2025 14:03
T0102,acc1,acc50,13333.63,01-01-2025 14:06
T0103,acc101,acc59,14333.94,01-01-2025 14:09
T0104,acc90,acc94,49771.59,01-01-2025 14:12
T0105,acc72,acc85,35948.57,01-01-2025 14:15
T0106,acc20,acc25,14905.72,01-01-2025 14:18
T0107,acc8,acc75,36813.29,01-01-2025 14:21
T0108,acc8,acc96,15748.88,01-01-2025 14:24
T0109,acc7,acc75,23891.75,01-01-2025 14:27
T0110,acc118,acc110,26603.19,01-01-2025 14:30
T0111,acc8,acc66,4097.56,01-01-2025 14:33
T0112,acc24,acc9,29792.25,01-01-2025 14:36
T0113,acc87,acc111,11836.67,01-01-2025 14:39
T0114,acc16,acc114,28526.8,01-01-2025 14:42
T0115,acc75,acc77,2083.11,01-01-2025 14:45
T0116,acc11,acc54,32902.92,01-01-2025 14:48
T0117,acc73,acc67,15886.86,01-01-2025 14:51
T0118,acc34,acc27,33519.33,01-01-2025 14:54
T0119,acc41,acc31,13354.16,01-01-2025 14:57
T0120,acc17,acc86,32310.49,01-01-2025 15:00
T0121,acc59,acc41,46458.01,01-01-2025 15:03
T0122,acc120,acc10,564.84,01-01-2025 15:06
T0123,acc80,acc73,49805.21,01-01-2025 15:09
T0124,acc10,acc69,10736.4,01-01-2025 15:12
T0125,acc34,acc17,46669.64,01-01-2025 15:15
T0126,acc113,acc9,43975.59,01-01-2025 15:18
T0127,acc48,acc37,7971.57,01-01-2025 15:21
T0128,acc107,acc70,35206.64,01-01-2025 15:24
T0129,acc79,acc104,32733.42,01-01-2025 15:27
T0130,acc2,acc86,40873.5,01-01-2025 15:30
T0131,acc39,acc120,33203.1,01-01-2025 15:33
T0132,acc113,acc18,13296.85,01-01-2025 15:36
T0133,acc114,acc14,37146.59,01-01-2025 15:39
T0134,acc20,acc35,14159.64,01-01-2025 15:42
T0135,acc27,acc92,17209.73,01-01-2025 15:45
T0136,acc88,acc82,42660.35,01-01-2025 15:48
T0137,acc65,acc63,12630.95,01-01-2025 15:51
T0138,acc117,acc109,2634.86,01-01-2025 15:54
T0139,acc82,acc55,41484.47,01-01-2025 15:57
T0140,acc6,acc1,16744.47,01-01-2025 16:00
T0141,acc17,acc82,48991.92,01-01-2025 16:03
T0142,acc21,acc95,22147.59,01-01-2025 16:06
T0143,acc91,acc55,28089.25,01-01-2025 16:09
T0144,acc15,acc10,47258.04,01-01-2025 16:12
T0145,acc89,acc116,7537.81,01-01-2025 16:15
T0146,acc5,acc107,18523.88,01-01-2025 16:18
T0147,acc71,acc19,21546.36,01-01-2025 16:21
T0148,acc6,acc40,18296.11,01-01-2025 16:24
T0149,acc120,acc102,48612.59,01-01-2025 16:27
T0150,acc6,acc116,17954.68,01-01-2025 16:30
T0151,acc88,acc32,33379.98,01-01-2025 16:33
T0152,acc46,acc100,28038.19,01-01-2025 16:36
T0153,acc112,acc53,48694.47,01-01-2025 16:39
T0154,acc96,acc20,46295.61,01-01-2025 16:42
T0155,acc31,acc111,8208.84,01-01-2025 16:45
T0156,acc103,acc104,8934.91,01-01-2025 16:48
T0157,acc53,acc4,9050.1,01-01-2025 16:51
T0158,acc119,acc43,39141.09,01-01-2025 16:54
T0159,acc53,acc103,33528.37,01-01-2025 16:57
T0160,acc95,acc104,12483.55,01-01-2025 17:00
T0161,acc21,acc101,35093.78,01-01-2025 17:03
T0162,acc49,acc112,2032.36,01-01-2025 17:06
T0163,acc61,acc29,10058.68,01-01-2025 17:09
T0164,acc118,acc59,17547.96,01-01-2025 17:12
T0165,acc106,acc102,43579.02,01-01-2025 17:15
T0166,acc29,acc4,33035.66,01-01-2025 17:18
T0167,acc52,acc43,14002.29,01-01-2025 17:21
T0168,acc9,acc99,14028.34,01-01-2025 17:24
T0169,acc83,acc66,20043.95,01-01-2025 17:27
T0170,acc108,acc69,16624.38,01-01-2025 17:30
T0171,acc4,acc15,43864.22,01-01-2025 17:33
T0172,acc34,acc23,29071.43,01-01-2025 17:36
T0173,acc34,acc5,5509.29,01-01-2025 17:39
T0174,acc56,acc45,36454.4,01-01-2025 17:42
T0175,acc41,acc56,30349.82,01-01-2025 17:45
T0176,acc66,acc15,19321.25,01-01-2025 17:48
T0177,acc74,acc25,12810.65,01-01-2025 17:51
T0178,acc91,acc56,184.39,01-01-2025 17:54
T0179,acc119,acc104,26968.75,01-01-2025 17:57
T0180,acc93,acc95,36878.18,01-01-2025 18:00
T0181,acc26,acc47,21621.74,01-01-2025 18:03
T0182,acc86,acc118,16576.98,01-01-2025 18:06
T0183,acc41,acc85,42415.96,01-01-2025 18:09
T0184,acc93,acc116,15086.08,01-01-2025 18:12
T0185,acc40,acc86,20478.81,01-01-2025 18:15
T0186,acc52,acc90,14853.19,01-01-2025 18:18
T0187,acc17,acc25,21080.27,01-01-2025 18:21
T0188,acc49,acc87,37431.91,01-01-2025 18:24
T0189,acc23,acc79,28498.35,01-01-2025 18:27
T0190,acc52,acc71,41702.89,01-01-2025 18:30
T0191,acc39,acc37,10588.12,01-01-2025 18:33
T0192,acc101,acc75,30372.41,01-01-2025 18:36
T0193,acc42,acc60,22145.12,01-01-2025 18:39
T0194,acc87,acc28,25607.58,01-01-2025 18:42
T0195,acc102,acc116,47995.62,01-01-2025 18:45
T0196,acc95,acc22,32976.65,01-01-2025 18:48
T0197,acc37,acc66,33226.31,01-01-2025 18:51
T0198,acc80,acc43,4760.02,01-01-2025 18:54
T0199,acc97,acc31,33672.5,01-01-2025 18:57
T0200,acc29,acc104,10036.58,01-01-2025 19:00
T0201,acc4,acc6,12317.64,01-01-2025 19:03
T0202,acc61,acc79,42501.91,01-01-2025 19:06
T0203,acc10,acc59,20780.61,01-01-2025 19:09
T0204,acc81,acc74,9802.32,01-01-2025 19:12
T0205,acc90,acc50,24769.42,01-01-2025 19:15
T0206,acc32,acc19,32837.29,01-01-2025 19:18
T0207,acc1,acc115,37573.13,01-01-2025 19:21
T0208,acc99,acc114,5418.71,01-01-2025 19:24
T0209,acc55,acc29,8876.75,01-01-2025 19:27
T0210,acc90,acc67,23281.04,01-01-2025 19:30
T0211,acc72,acc32,45881.75,01-01-2025 19:33
T0212,acc16,acc59,6753.62,01-01-2025 19:36
T0213,acc60,acc86,26603.48,01-01-2025 19:39
T0214,acc72,acc77,15933.17,01-01-2025 19:42
T0215,acc97,acc115,22184.41,01-01-2025 19:45
T0216,acc105,acc93,44611.81,01-01-2025 19:48
T0217,acc55,acc107,45352.05,01-01-2025 19:51
T0218,acc58,acc115,8041.98,01-01-2025 19:54
T0219,acc111,acc61,22558.48,01-01-2025 19:57
T0220,acc97,acc32,42009.16,01-01-2025 20:00
T0221,acc36,acc99,38905.97,01-01-2025 20:03
T0222,acc63,acc81,12038.37,01-01-2025 20:06
T0223,acc57,acc10,35705.89,01-01-2025 20:09
T0224,acc31,acc35,16858.79,01-01-2025 20:12
T0225,acc115,acc70,4120.83,01-01-2025 20:15
T0226,acc20,acc30,19213.46,01-01-2025 20:18
T0227,acc20,acc91,10776.25,01-01-2025 20:21
T0228,acc54,acc53,16610.98,01-01-2025 20:24
T0229,acc60,acc54,3207.06,01-01-2025 20:27
T0230,acc107,acc54,19534.89,01-01-2025 20:30
T0231,acc99,acc75,47308.5,01-01-2025 20:33
T0232,acc3,acc110,44044.77,01-01-2025 20:36
T0233,acc74,acc49,23901.29,01-01-2025 20:39
T0234,acc46,acc39,37698.41,01-01-2025 20:42
T0235,acc110,acc115,47676.17,01-01-2025 20:45
T0236,acc54,acc69,37401.03,01-01-2025 20:48
T0237,acc70,acc103,30202.3,01-01-2025 20:51
T0238,acc29,acc63,11049.14,01-01-2025 20:54
T0239,acc56,acc63,1548.34,01-01-2025 20:57
T0240,acc44,acc86,33989.18,01-01-2025 21:00
T0241,acc52,acc93,8335.73,01-01-2025 21:03
T0242,acc60,acc118,6468.63,01-01-2025 21:06
T0243,acc80,acc69,1445.63,01-01-2025 21:09
T0244,acc51,acc76,28263.16,01-01-2025 21:12
T0245,acc4,acc11,32173.21,01-01-2025 21:15
T0246,acc18,acc111,23138.75,01-01-2025 21:18
T0247,acc7,acc34,19017.28,01-01-2025 21:21
T0248,acc28,acc59,16409.61,01-01-2025 21:24
T0249,acc98,acc113,19018.4,01-01-2025 21:27
T0250,acc97,acc107,21136.08,01-01-2025 21:30
T0251,acc107,acc11,23568.31,01-01-2025 21:33
T0252,acc96,acc70,2699.07,01-01-2025 21:36
T0253,acc45,acc29,32542.19,01-01-2025 21:39
T0254,acc100,acc84,2108.88,01-01-2025 21:42
T0255,acc4,acc32,10048.1,01-01-2025 21:45
T0256,acc3,acc80,7703.88,01-01-2025 21:48
T0257,acc17,acc61,33506,01-01-2025 21:51
T0258,acc73,acc28,23305.2,01-01-2025 21:54
T0259,acc33,acc99,18507.87,01-01-2025 21:57
T0260,acc78,acc96,35946.03,01-01-2025 22:00
T0261,acc100,acc105,8271.91,01-01-2025 22:03
T0262,acc40,acc14,28976.37,01-01-2025 22:06
T0263,acc119,acc40,28832.26,01-01-2025 22:09
T0264,acc117,acc49,19893.06,01-01-2025 22:12
T0265,acc92,acc26,3892.22,01-01-2025 22:15
T0266,acc89,acc107,31399.4,01-01-2025 22:18
T0267,acc14,acc90,38646.8,01-01-2025 22:21
T0268,acc109,acc88,30060.54,01-01-2025 22:24
T0269,acc16,acc102,49193.83,01-01-2025 22:27
T0270,acc101,acc6,17425.47,01-01-2025 22:30
T0271,acc55,acc85,18591.49,01-01-2025 22:33
T0272,acc65,acc83,17127.44,01-01-2025 22:36
T0273,acc109,acc54,41134.31,01-01-2025 22:39
T0274,acc14,acc56,48043.3,01-01-2025 22:42
T0275,acc82,acc115,41452.49,01-01-2025 22:45
T0276,acc91,acc20,21830.81,01-01-2025 22:48
T0277,acc94,acc67,48277.14,01-01-2025 22:51
T0278,acc35,acc79,40429.14,01-01-2025 22:54
T0279,acc69,acc100,24226.53,01-01-2025 22:57
T0280,acc56,acc106,36578.21,01-01-2025 23:00
T0281,acc35,acc42,42600.49,01-01-2025 23:03
T0282,acc107,acc120,4424.48,01-01-2025 23:06
T0283,acc113,acc58,12268.79,01-01-2025 23:09
T0284,acc60,acc73,30555.55,01-01-2025 23:12
T0285,acc49,acc44,1532.13,01-01-2025 23:15
T0286,acc109,acc42,9173.81,01-01-2025 23:18
T0287,acc28,acc46,39911.83,01-01-2025 23:21
T0288,acc44,acc36,44027.97,01-01-2025 23:24
T0289,acc90,acc113,13885.8,01-01-2025 23:27
T0290,acc2,acc67,47408.32,01-01-2025 23:30
T0291,acc11,acc31,36031.73,01-01-2025 23:33
T0292,acc63,acc72,37932.42,01-01-2025 23:36
T0293,acc89,acc61,32330.55,01-01-2025 23:39
T0294,acc63,acc58,39667.35,01-01-2025 23:42
T0295,acc12,acc38,11157.66,01-01-2025 23:45
T0296,acc89,acc32,15379.68,01-01-2025 23:48
T0297,acc75,acc48,23715.7,01-01-2025 23:51
T0298,acc68,acc45,21332.64,01-01-2025 23:54
T0299,acc96,acc71,16606.49,01-01-2025 23:57
T0300,acc90,acc59,13618.73,02-01-2025 00:00
T0301,acc33,acc30,6120.73,02-01-2025 00:03
T0302,acc25,acc41,6065.78,02-01-2025 00:06
T0303,acc69,acc98,34539.16,02-01-2025 00:09
T0304,acc25,acc28,36956.37,02-01-2025 00:12
T0305,acc36,acc93,29520.39,02-01-2025 00:15
T0306,acc98,acc68,29879.86,02-01-2025 00:18
T0307,acc13,acc107,9786.47,02-01-2025 00:21
T0308,acc30,acc47,9054.13,02-01-2025 00:24
T0309,acc2,acc91,26753.34,02-01-2025 00:27
T0310,acc36,acc6,48717.32,02-01-2025 00:30
T0311,acc71,acc38,34901.13,02-01-2025 00:33
T0312,acc17,acc82,43436.21,02-01-2025 00:36
T0313,acc63,acc14,43648.71,02-01-2025 00:39
T0314,acc74,acc37,23522.91,02-01-2025 00:42
T0315,acc57,acc44,9299.75,02-01-2025 00:45
T0316,acc7,acc33,47059.07,02-01-2025 00:48
T0317,acc62,acc15,41123.57,02-01-2025 00:51
T0318,acc52,acc63,3796.7,02-01-2025 00:54
T0319,acc81,acc88,2775.09,02-01-2025 00:57
T0320,acc20,acc104,28185.7,02-01-2025 01:00
T0321,acc39,acc11,49696.51,02-01-2025 01:03
T0322,acc16,acc72,38245.73,02-01-2025 01:06
T0323,acc78,acc77,39557.97,02-01-2025 01:09
T0324,acc29,acc100,26176.37,02-01-2025 01:12
T0325,acc58,acc117,22191.78,02-01-2025 01:15
T0326,acc111,acc76,49502.56,02-01-2025 01:18
T0327,acc40,acc73,31089.26,02-01-2025 01:21
T0328,acc79,acc95,5051.76,02-01-2025 01:24
T0329,acc98,acc27,31313.2,02-01-2025 01:27
T0330,acc34,acc85,4151.25,02-01-2025 01:30
T0331,acc31,acc23,27644.41,02-01-2025 01:33
T0332,acc21,acc1,20485.03,02-01-2025 01:36
T0333,acc89,acc77,23548.63,02-01-2025 01:39
T0334,acc5,acc30,14476.43,02-01-2025 01:42
T0335,acc37,acc90,42994.38,02-01-2025 01:45
T0336,acc10,acc88,11747.85,02-01-2025 01:48
T0337,acc34,acc101,39583.26,02-01-2025 01:51
T0338,acc76,acc85,40214.89,02-01-2025 01:54
T0339,acc26,acc55,5827.34,02-01-2025 01:57
T0340,acc29,acc83,7534.57,02-01-2025 02:00
T0341,acc35,acc106,7197.59,02-01-2025 02:03
T0342,acc8,acc22,39652.17,02-01-2025 02:06
T0343,acc77,acc96,41229.59,02-01-2025 02:09
T0344,acc118,acc37,22013.76,02-01-2025 02:12
T0345,acc60,acc89,15274.15,02-01-2025 02:15
T0346,acc52,acc35,25073.56,02-01-2025 02:18
T0347,acc64,acc57,4114.05,02-01-2025 02:21
T0348,acc6,acc114,21658.23,02-01-2025 02:24
T0349,acc42,acc78,12593.36,02-01-2025 02:27
T0350,acc12,acc30,48099.36,02-01-2025 02:30
T0351,acc108,acc111,28802.44,02-01-2025 02:33
T0352,acc3,acc98,33646.85,02-01-2025 02:36
T0353,acc35,acc74,2107.56,02-01-2025 02:39
T0354,acc97,acc23,23577.99,02-01-2025 02:42
T0355,acc84,acc57,45812.03,02-01-2025 02:45
T0356,acc24,acc75,21850.66,02-01-2025 02:48
T0357,acc105,acc63,48455.86,02-01-2025 02:51
T0358,acc61,acc45,20476.57,02-01-2025 02:54
T0359,acc42,acc86,5319.53,02-01-2025 02:57
T0360,acc21,acc43,20641.09,02-01-2025 03:00
T0361,acc64,acc37,33162.92,02-01-2025 03:03
T0362,acc52,acc105,38048.94,02-01-2025 03:06
T0363,acc5,acc59,4494.18,02-01-2025 03:09
T0364,acc33,acc42,5884.49,02-01-2025 03:12
T0365,acc99,acc52,43259.04,02-01-2025 03:15
T0366,acc106,acc1,32917.25,02-01-2025 03:18
T0367,acc70,acc60,20721.05,02-01-2025 03:21
T0368,acc25,acc67,18152.79,02-01-2025 03:24
T0369,acc97,acc64,31307.9,02-01-2025 03:27
T0370,acc98,acc7,10257.56,02-01-2025 03:30
T0371,acc71,acc17,46390.87,02-01-2025 03:33
T0372,acc57,acc113,34942.68,02-01-2025 03:36
T0373,acc16,acc4,48660.03,02-01-2025 03:39
T0374,acc78,acc103,12040.94,02-01-2025 03:42
T0375,acc21,acc40,27586.87,02-01-2025 03:45
T0376,acc71,acc53,4751.14,02-01-2025 03:48
T0377,acc108,acc117,5761.71,02-01-2025 03:51
T0378,acc16,acc83,41623.94,02-01-2025 03:54
T0379,acc64,acc120,35858.51,02-01-2025 03:57
T0380,acc66,acc91,13743.9,02-01-2025 04:00
T0381,acc107,acc62,49014.21,02-01-2025 04:03
T0382,acc32,acc59,27608.13,02-01-2025 04:06
T0383,acc50,acc25,46101.22,02-01-2025 04:09
T0384,acc66,acc96,43978.38,02-01-2025 04:12
T0385,acc111,acc9,13884.75,02-01-2025 04:15
T0386,acc102,acc110,20805.63,02-01-2025 04:18
T0387,acc120,acc101,25436.11,02-01-2025 04:21
T0388,acc106,acc1,14213.67,02-01-2025 04:24
T0389,acc39,acc108,29388.19,02-01-2025 04:27
T0390,acc85,acc63,43276.5,02-01-2025 04:30
T0391,acc58,acc69,24268.64,02-01-2025 04:33
T0392,acc43,acc71,38167.35,02-01-2025 04:36
T0393,acc49,acc59,46649.33,02-01-2025 04:39
T0394,acc112,acc25,49040.65,02-01-2025 04:42
T0395,acc31,acc74,19210.25,02-01-2025 04:45
T0396,acc110,acc100,20597.68,02-01-2025 04:48
T0397,acc41,acc96,23701.51,02-01-2025 04:51
T0398,acc117,acc104,19123.43,02-01-2025 04:54
T0399,acc85,acc102,41055.3,02-01-2025 04:57
T0400,acc20,acc64,48244.74,02-01-2025 05:00
T0401,acc17,acc65,48271.14,02-01-2025 05:03
T0402,acc43,acc112,5108.19,02-01-2025 05:06
T0403,acc109,acc57,5075.61,02-01-2025 05:09
T0404,acc117,acc59,865.85,02-01-2025 05:12
T0405,acc19,acc53,43559.56,02-01-2025 05:15
T0406,acc20,acc10,23527.58,02-01-2025 05:18
T0407,acc34,acc44,31200.64,02-01-2025 05:21
T0408,acc51,acc84,4107.73,02-01-2025 05:24
T0409,acc43,acc110,33750.44,02-01-2025 05:27
T0410,acc69,acc49,47711.57,02-01-2025 05:30
T0411,acc81,acc92,44383.19,02-01-2025 05:33
T0412,acc63,acc112,27096.7,02-01-2025 05:36
T0413,acc80,acc9,11815.04,02-01-2025 05:39
T0414,acc88,acc118,14440.21,02-01-2025 05:42
T0415,acc30,acc96,4609.93,02-01-2025 05:45
T0416,acc13,acc98,31724.02,02-01-2025 05:48
T0417,acc112,acc13,22239.56,02-01-2025 05:51
T0418,acc89,acc39,45180.86,02-01-2025 05:54
T0419,acc6,acc42,39827.56,02-01-2025 05:57
T0420,acc38,acc46,18804.57,02-01-2025 06:00
T0421,acc19,acc32,26605.2,02-01-2025 06:03
T0422,acc73,acc88,39646.72,02-01-2025 06:06
T0423,acc22,acc23,4040.52,02-01-2025 06:09
T0424,acc112,acc49,31023.55,02-01-2025 06:12
T0425,acc31,acc64,45650.17,02-01-2025 06:15
T0426,acc19,acc30,23111.38,02-01-2025 06:18
T0427,acc33,acc59,12840.8,02-01-2025 06:21
T0428,acc2,acc116,40251.19,02-01-2025 06:24
T0429,acc116,acc37,33912.78,02-01-2025 06:27
T0430,acc21,acc10,22142.32,02-01-2025 06:30
T0431,acc45,acc76,15027.8,02-01-2025 06:33
T0432,acc55,acc89,12579.9,02-01-2025 06:36
T0433,acc109,acc39,10040.93,02-01-2025 06:39
T0434,acc50,acc110,24212.08,02-01-2025 06:42
T0435,acc31,acc49,28638.94,02-01-2025 06:45
T0436,acc74,acc38,49635.33,02-01-2025 06:48
T0437,acc38,acc3,48899.43,02-01-2025 06:51
T0438,acc85,acc51,13796.57,02-01-2025 06:54
T0439,acc73,acc111,34321.39,02-01-2025 06:57
T0440,acc96,acc7,45539.79,02-01-2025 07:00
T0441,acc96,acc64,41658.66,02-01-2025 07:03
T0442,acc116,acc37,38809.47,02-01-2025 07:06
T0443,acc30,acc78,40116.4,02-01-2025 07:09
T0444,acc29,acc82,9587.59,02-01-2025 07:12
T0445,acc33,acc87,37803.31,02-01-2025 07:15
T0446,acc99,acc85,34074.67,02-01-2025 07:18
T0447,acc18,acc81,4948.48,02-01-2025 07:21
T0448,acc81,acc83,2067.19,02-01-2025 07:24
T0449,acc101,acc57,1764.89,02-01-2025 07:27
T0450,acc47,acc94,6657.45,02-01-2025 07:30
T0451,acc117,acc38,16403.28,02-01-2025 07:33
T0452,acc54,acc23,10119.66,02-01-2025 07:36
T0453,acc101,acc70,43835.38,02-01-2025 07:39
T0454,acc47,acc68,25139.56,02-01-2025 07:42
T0455,acc35,acc107,8310.77,02-01-2025 07:45
T0456,acc117,acc106,47214.97,02-01-2025 07:48
T0457,acc104,acc38,37353.31,02-01-2025 07:51
T0458,acc44,acc103,5846.97,02-01-2025 07:54
T0459,acc10,acc19,37732.16,02-01-2025 07:57
T0460,acc29,acc111,33848.55,02-01-2025 08:00
T0461,acc87,acc51,48366.76,02-01-2025 08:03
T0462,acc103,acc72,18352.17,02-01-2025 08:06
T0463,acc102,acc51,794.54,02-01-2025 08:09
T0464,acc69,acc16,22793.82,02-01-2025 08:12
T0465,acc87,acc96,33649.81,02-01-2025 08:15
T0466,acc75,acc49,41138.62,02-01-2025 08:18
T0467,acc48,acc14,33774.34,02-01-2025 08:21
T0468,acc61,acc4,31015.39,02-01-2025 08:24
T0469,acc72,acc42,45771.27,02-01-2025 08:27
T0470,acc29,acc83,3254.53,02-01-2025 08:30
T0471,acc106,acc60,45478.44,02-01-2025 08:33
T0472,acc39,acc84,20473.96,02-01-2025 08:36
T0473,acc18,acc6,47318.45,02-01-2025 08:39
T0474,acc39,acc64,5894.41,02-01-2025 08:42
T0475,acc31,acc114,26923.58,02-01-2025 08:45
T0476,acc50,acc59,18613.47,02-01-2025 08:48
T0477,acc96,acc90,47304.11,02-01-2025 08:51
T0478,acc54,acc76,37139.22,02-01-2025 08:54
T0479,acc20,acc114,20802.74,02-01-2025 08:57
T0480,acc13,acc107,24518.42,02-01-2025 09:00
T0481,acc53,acc36,1732.54,02-01-2025 09:03
T0482,acc48,acc28,22224.82,02-01-2025 09:06
T0483,acc31,acc110,18198.03,02-01-2025 09:09
T0484,acc88,acc48,27268.85,02-01-2025 09:12
T0485,acc83,acc46,3121.45,02-01-2025 09:15
T0486,acc36,acc25,48413.52,02-01-2025 09:18
T0487,acc109,acc106,22790.4,02-01-2025 09:21
T0488,acc85,acc28,32121.05,02-01-2025 09:24
T0489,acc77,acc3,2623.87,02-01-2025 09:27
T0490,acc43,acc32,49442.16,02-01-2025 09:30
T0491,acc101,acc73,10339.76,02-01-2025 09:33
T0492,acc107,acc98,27754.97,02-01-2025 09:36
T0493,acc76,acc28,40671.34,02-01-2025 09:39
T0494,acc30,acc43,38740.99,02-01-2025 09:42
T0495,acc101,acc116,29839.48,02-01-2025 09:45
T0496,acc36,acc110,49203,02-01-2025 09:48
T0497,acc17,acc70,12607.64,02-01-2025 09:51
T0498,acc23,acc15,33086.78,02-01-2025 09:54
T0499,acc4,acc17,841.53,02-01-2025 09:57
T0500,acc102,acc101,11972.79,02-01-2025 10:00
T0501,acc42,acc3,8794.89,02-01-2025 10:03
T0502,acc7,acc17,37111.73,02-01-2025 10:06
T0503,acc68,acc15,37308.7,02-01-2025 10:09
T0504,acc61,acc58,38923.05,02-01-2025 10:12
T0505,acc66,acc76,5541.8,02-01-2025 10:15
T0506,acc65,acc29,47276.24,02-01-2025 10:18
T0507,acc6,acc94,39183.03,02-01-2025 10:21
T0508,acc111,acc85,26120.42,02-01-2025 10:24
T0509,acc59,acc83,48204.91,02-01-2025 10:27
T0510,acc8,acc62,42380.2,02-01-2025 10:30
T0511,acc55,acc88,5487.3,02-01-2025 10:33
T0512,acc92,acc117,22233.76,02-01-2025 10:36
T0513,acc116,acc11,16173.38,02-01-2025 10:39
T0514,acc19,acc9,6396.96,02-01-2025 10:42
T0515,acc80,acc82,29309.7,02-01-2025 10:45
T0516,acc92,acc42,19107.13,02-01-2025 10:48
T0517,acc77,acc68,14815.4,02-01-2025 10:51
T0518,acc65,acc78,21566.95,02-01-2025 10:54
T0519,acc102,acc90,5809.26,02-01-2025 10:57
T0520,acc84,acc113,38471.24,02-01-2025 11:00
T0521,acc93,acc111,10829.65,02-01-2025 11:03
T0522,acc58,acc114,11501.83,02-01-2025 11:06
T0523,acc44,acc106,22729.6,02-01-2025 11:09
T0524,acc54,acc94,4844.78,02-01-2025 11:12
T0525,acc55,acc41,33288.88,02-01-2025 11:15
T0526,acc48,acc20,34372.37,02-01-2025 11:18
T0527,acc61,acc9,4652.12,02-01-2025 11:21
T0528,acc11,acc12,21650.64,02-01-2025 11:24
T0529,acc96,acc95,18695.08,02-01-2025 11:27
T0530,acc17,acc72,3093.05,02-01-2025 11:30
T0531,acc72,acc43,33533.66,02-01-2025 11:33
T0532,acc53,acc46,43693.01,02-01-2025 11:36
T0533,acc97,acc55,43417.8,02-01-2025 11:39
T0534,acc93,acc7,48423.09,02-01-2025 11:42
T0535,acc77,acc40,17647.14,02-01-2025 11:45
T0536,acc74,acc65,10715.67,02-01-2025 11:48
T0537,acc85,acc62,11289.82,02-01-2025 11:51
T0538,acc14,acc45,42284.13,02-01-2025 11:54
T0539,acc48,acc15,38154.02,02-01-2025 11:57
T0540,acc74,acc29,40380.35,02-01-2025 12:00
T0541,acc109,acc72,48729.88,02-01-2025 12:03
T0542,acc105,acc80,30717.31,02-01-2025 12:06
T0543,acc83,acc72,1410.07,02-01-2025 12:09
T0544,acc119,acc85,41490.09,02-01-2025 12:12
T0545,acc35,acc4,9102.76,02-01-2025 12:15
T0546,acc90,acc98,15518.34,02-01-2025 12:18
T0547,acc44,acc45,404.68,02-01-2025 12:21
T0548,acc112,acc19,28359.42,02-01-2025 12:24
T0549,acc52,acc9,7179.55,02-01-2025 12:27
T0550,acc82,acc4,4678.71,02-01-2025 12:30
T0551,acc68,acc28,18872.1,02-01-2025 12:33
T0552,acc59,acc44,7954.72,02-01-2025 12:36
T0553,acc40,acc93,16286.71,02-01-2025 12:39
T0554,acc73,acc77,4339.36,02-01-2025 12:42
T0555,acc7,acc20,7954.75,02-01-2025 12:45
T0556,acc80,acc7,33731.04,02-01-2025 12:48
T0557,acc35,acc57,33130.74,02-01-2025 12:51
T0558,acc63,acc78,22158,02-01-2025 12:54
T0559,acc35,acc28,37771.66,02-01-2025 12:57
T0560,acc15,acc45,21552.69,02-01-2025 13:00
T0561,acc37,acc87,33956.46,02-01-2025 13:03
T0562,acc63,acc68,33389.91,02-01-2025 13:06
T0563,acc6,acc29,19823.64,02-01-2025 13:09
T0564,acc77,acc8,483.59,02-01-2025 13:12
T0565,acc39,acc28,38390.74,02-01-2025 13:15
T0566,acc98,acc33,14543.41,02-01-2025 13:18
T0567,acc16,acc1,24919.53,02-01-2025 13:21
T0568,acc56,acc23,6546.37,02-01-2025 13:24
T0569,acc69,acc91,11582.52,02-01-2025 13:27
T0570,acc72,acc107,33435.6,02-01-2025 13:30
T0571,acc46,acc10,19913.85,02-01-2025 13:33
T0572,acc95,acc6,21867.36,02-01-2025 13:36
T0573,acc59,acc118,3985.34,02-01-2025 13:39
T0574,acc41,acc74,21521.29,02-01-2025 13:42
T0575,acc52,acc91,32043.07,02-01-2025 13:45
T0576,acc38,acc15,20311.11,02-01-2025 13:48
T0577,acc42,acc22,40085.98,02-01-2025 13:51
T0578,acc80,acc59,41618.09,02-01-2025 13:54
T0579,acc118,acc47,4497.68,02-01-2025 13:57
T0580,acc109,acc14,12241.49,02-01-2025 14:00
T0581,acc76,acc52,26245.73,02-01-2025 14:03
T0582,acc51,acc112,15582.7,02-01-2025 14:06
T0583,acc44,acc29,16720.12,02-01-2025 14:09
T0584,acc22,acc10,25573.12,02-01-2025 14:12
T0585,acc15,acc68,25546.61,02-01-2025 14:15
T0586,acc116,acc100,17533.83,02-01-2025 14:18
T0587,acc94,acc105,32307.6,02-01-2025 14:21
T0588,acc19,acc31,5229.95,02-01-2025 14:24
T0589,acc33,acc26,8757.6,02-01-2025 14:27
T0590,acc20,acc98,37981.7,02-01-2025 14:30
T0591,acc10,acc23,47569.48,02-01-2025 14:33
T0592,acc81,acc64,23251.26,02-01-2025 14:36
T0593,acc73,acc98,29015.46,02-01-2025 14:39
T0594,acc88,acc119,44114.2,02-01-2025 14:42
T0595,acc83,acc82,49327.94,02-01-2025 14:45
T0596,acc42,acc111,48551.56,02-01-2025 14:48
T0597,acc41,acc20,22044.16,02-01-2025 14:51
T0598,acc61,acc57,31606.12,02-01-2025 14:54
T0599,acc102,acc36,29611.85,02-01-2025 14:57
T0600,acc46,acc65,3802.11,02-01-2025 15:00
T0601,acc60,acc58,1976.6,02-01-2025 15:03
T0602,acc48,acc107,14425.14,02-01-2025 15:06
T0603,acc83,acc111,48870.69,02-01-2025 15:09
T0604,acc12,acc79,29744.58,02-01-2025 15:12
T0605,acc50,acc60,29058.44,02-01-2025 15:15
T0606,acc102,acc95,44804.25,02-01-2025 15:18
T0607,acc58,acc117,40509.81,02-01-2025 15:21
T0608,acc84,acc25,16144.19,02-01-2025 15:24
T0609,acc61,acc65,7627.97,02-01-2025 15:27
T0610,acc8,acc58,5264.74,02-01-2025 15:30
T0611,acc116,acc108,17237.55,02-01-2025 15:33
T0612,acc92,acc11,25277,02-01-2025 15:36
T0613,acc23,acc6,12462.41,02-01-2025 15:39
T0614,acc57,acc68,26185.13,02-01-2025 15:42
T0615,acc21,acc47,18705.31,02-01-2025 15:45
T0616,acc37,acc50,20497.59,02-01-2025 15:48
T0617,acc44,acc87,29934.5,02-01-2025 15:51
T0618,acc102,acc81,32400.54,02-01-2025 15:54
T0619,acc9,acc43,4815.85,02-01-2025 15:57
T0620,acc87,acc50,14278.93,02-01-2025 16:00
T0621,acc93,acc110,32862.55,02-01-2025 16:03
T0622,acc117,acc78,43676.66,02-01-2025 16:06
T0623,acc43,acc11,29178.7,02-01-2025 16:09
T0624,acc19,acc118,17556.06,02-01-2025 16:12
T0625,acc84,acc90,33140.54,02-01-2025 16:15
T0626,acc17,acc77,35470.82,02-01-2025 16:18
T0627,acc11,acc40,27990.21,02-01-2025 16:21
T0628,acc83,acc102,16490.98,02-01-2025 16:24
T0629,acc17,acc86,35171.26,02-01-2025 16:27
T0630,acc95,acc88,45631.15,02-01-2025 16:30
T0631,acc12,acc83,33555.76,02-01-2025 16:33
T0632,acc66,acc47,1009.7,02-01-2025 16:36
T0633,acc40,acc24,47563.35,02-01-2025 16:39
T0634,acc44,acc99,24364.92,02-01-2025 16:42
T0635,acc29,acc18,7831.76,02-01-2025 16:45
T0636,acc38,acc109,39427.2,02-01-2025 16:48
T0637,acc65,acc99,27034.56,02-01-2025 16:51
T0638,acc95,acc114,26373.93,02-01-2025 16:54
T0639,acc85,acc44,43832,02-01-2025 16:57
T0640,acc80,acc17,29902.6,02-01-2025 17:00
T0641,acc20,acc21,9124.21,02-01-2025 17:03
T0642,acc89,acc99,31274.55,02-01-2025 17:06
T0643,acc116,acc22,36087.03,02-01-2025 17:09
T0644,acc6,acc53,18278.54,02-01-2025 17:12
T0645,acc93,acc31,48482.47,02-01-2025 17:15
T0646,acc79,acc37,37644.32,02-01-2025 17:18
T0647,acc101,acc58,11776.75,02-01-2025 17:21
T0648,acc31,acc40,48283.27,02-01-2025 17:24
T0649,acc101,acc61,45208.32,02-01-2025 17:27
T0650,acc25,acc48,33947.51,02-01-2025 17:30
T0651,acc74,acc57,23137.83,02-01-2025 17:33
T0652,acc37,acc100,19155.43,02-01-2025 17:36
T0653,acc68,acc54,48316.78,02-01-2025 17:39
T0654,acc105,acc26,40082.84,02-01-2025 17:42
T0655,acc18,acc112,12575.16,02-01-2025 17:45
T0656,acc83,acc62,43718.44,02-01-2025 17:48
T0657,acc71,acc120,5219.23,02-01-2025 17:51
T0658,acc109,acc67,42573.19,02-01-2025 17:54
T0659,acc37,acc11,38179.53,02-01-2025 17:57
T0660,acc35,acc58,45274.78,02-01-2025 18:00
T0661,acc19,acc107,21929.88,02-01-2025 18:03
T0662,acc117,acc29,40853.49,02-01-2025 18:06
T0663,acc114,acc45,46530.55,02-01-2025 18:09
T0664,acc54,acc7,19883.05,02-01-2025 18:12
T0665,acc48,acc31,19369.69,02-01-2025 18:15
T0666,acc11,acc48,11304.48,02-01-2025 18:18
T0667,acc41,acc120,5044.25,02-01-2025 18:21
T0668,acc92,acc84,16830.99,02-01-2025 18:24
T0669,acc19,acc18,2011.33,02-01-2025 18:27
T0670,acc118,acc107,23675.5,02-01-2025 18:30
T0671,acc107,acc18,37966.17,02-01-2025 18:33
T0672,acc61,acc58,30805.88,02-01-2025 18:36
T0673,acc116,acc11,1048.29,02-01-2025 18:39
T0674,acc28,acc107,7561.03,02-01-2025 18:42
T0675,acc94,acc78,26435.8,02-01-2025 18:45
T0676,acc15,acc100,14476.27,02-01-2025 18:48
T0677,acc39,acc16,2482.7,02-01-2025 18:51
T0678,acc54,acc82,39715.57,02-01-2025 18:54
T0679,acc59,acc9,5631.81,02-01-2025 18:57
T0680,acc116,acc64,29877.28,02-01-2025 19:00
T0681,acc3,acc81,25817.25,02-01-2025 19:03
T0682,acc31,acc92,7264.48,02-01-2025 19:06
T0683,acc55,acc1,30779,02-01-2025 19:09
T0684,acc31,acc74,20886.72,02-01-2025 19:12
T0685,acc86,acc11,26221.88,02-01-2025 19:15
T0686,acc47,acc9,47674.84,02-01-2025 19:18
T0687,acc70,acc65,39341.98,02-01-2025 19:21
T0688,acc65,acc71,1114.68,02-01-2025 19:24
T0689,acc112,acc61,2272.37,02-01-2025 19:27
T0690,acc50,acc48,12757.15,02-01-2025 19:30
T0691,acc3,acc46,39447.15,02-01-2025 19:33
T0692,acc45,acc31,36673.76,02-01-2025 19:36
T0693,acc81,acc14,38597.92,02-01-2025 19:39
T0694,acc95,acc97,16692.68,02-01-2025 19:42
T0695,acc6,acc46,27346.09,02-01-2025 19:45
T0696,acc105,acc83,8836.95,02-01-2025 19:48
T0697,acc100,acc88,23284.68,02-01-2025 19:51
T0698,acc90,acc62,31623.62,02-01-2025 19:54
T0699,acc104,acc18,3248.72,02-01-2025 19:57
T0700,acc100,acc59,1945.49,02-01-2025 20:00
T0701,acc26,acc6,39576.35,02-01-2025 20:03
T0702,acc114,acc6,15848.23,02-01-2025 20:06
T0703,acc40,acc66,19971.38,02-01-2025 20:09
T0704,acc105,acc70,23722.65,02-01-2025 20:12
T0705,acc5,acc97,32380.33,02-01-2025 20:15
T0706,acc37,acc46,43120.71,02-01-2025 20:18
T0707,acc7,acc111,32821,02-01-2025 20:21
T0708,acc35,acc16,39987.19,02-01-2025 20:24
T0709,acc56,acc114,20061.09,02-01-2025 20:27
T0710,acc57,acc115,47828.29,02-01-2025 20:30
T0711,acc44,acc24,24860.54,02-01-2025 20:33
T0712,acc64,acc48,46223.09,02-01-2025 20:36
T0713,acc67,acc35,40077.29,02-01-2025 20:39
T0714,acc94,acc55,4038.46,02-01-2025 20:42
T0715,acc78,acc106,9104.78,02-01-2025 20:45
T0716,acc38,acc42,5219.64,02-01-2025 20:48
T0717,acc42,acc85,14852.43,02-01-2025 20:51
T0718,acc58,acc78,35911.38,02-01-2025 20:54
T0719,acc22,acc89,22251.03,02-01-2025 20:57
T0720,acc58,acc6,36368.04,02-01-2025 21:00
T0721,acc117,acc46,30781.09,02-01-2025 21:03
T0722,acc56,acc36,32009.52,02-01-2025 21:06
T0723,acc102,acc8,3844.55,02-01-2025 21:09
T0724,acc82,acc52,18229.23,02-01-2025 21:12
T0725,acc103,acc96,34002.59,02-01-2025 21:15
T0726,acc4,acc19,42448.6,02-01-2025 21:18
T0727,acc87,acc101,21964.82,02-01-2025 21:21
T0728,acc17,acc9,11876.17,02-01-2025 21:24
T0729,acc83,acc47,18171.31,02-01-2025 21:27
T0730,acc73,acc5,30294.23,02-01-2025 21:30
T0731,acc87,acc58,47446.29,02-01-2025 21:33
T0732,acc48,acc57,38177.92,02-01-2025 21:36
T0733,acc74,acc18,26520.05,02-01-2025 21:39
T0734,acc51,acc41,32513.08,02-01-2025 21:42
T0735,acc32,acc15,1393.08,02-01-2025 21:45
T0736,acc24,acc64,25935.49,02-01-2025 21:48
T0737,acc117,acc72,5976.27,02-01-2025 21:51
T0738,acc100,acc34,35231.49,02-01-2025 21:54
T0739,acc28,acc79,14350.29,02-01-2025 21:57
T0740,acc118,acc63,10088.9,02-01-2025 22:00
T0741,acc18,acc110,3795.2,02-01-2025 22:03
T0742,acc23,acc116,35697.16,02-01-2025 22:06
T0743,acc12,acc104,34128.27,02-01-2025 22:09
T0744,acc109,acc41,33425.21,02-01-2025 22:12
T0745,acc91,acc9,27544.86,02-01-2025 22:15
T0746,acc38,acc115,15067.84,02-01-2025 22:18
T0747,acc21,acc92,35507.23,02-01-2025 22:21
T0748,acc90,acc82,8787.14,02-01-2025 22:24
T0749,acc47,acc66,11289.66,02-01-2025 22:27
T0750,acc26,acc102,7029.96,02-01-2025 22:30
T0751,acc102,acc64,1411.57,02-01-2025 22:33
T0752,acc71,acc74,18508.67,02-01-2025 22:36
T0753,acc103,acc71,6575.58,02-01-2025 22:39
T0754,acc114,acc12,3380.83,02-01-2025 22:42
T0755,acc51,acc92,35971.6,02-01-2025 22:45
T0756,acc68,acc53,38481.31,02-01-2025 22:48
T0757,acc106,acc74,3780.16,02-01-2025 22:51
T0758,acc41,acc83,3800.83,02-01-2025 22:54
T0759,acc60,acc88,25916.26,02-01-2025 22:57
T0760,acc17,acc113,41469.78,02-01-2025 23:00
T0761,acc71,acc82,29430.52,02-01-2025 23:03
T0762,acc99,acc17,21687.65,02-01-2025 23:06
T0763,acc117,acc112,2865.1,02-01-2025 23:09
T0764,acc16,acc67,7735.47,02-01-2025 23:12
T0765,acc22,acc21,16200.77,02-01-2025 23:15
T0766,acc91,acc29,17366.55,02-01-2025 23:18
T0767,acc67,acc115,14274.01,02-01-2025 23:21
T0768,acc11,acc33,9895.47,02-01-2025 23:24
T0769,acc71,acc36,6346,02-01-2025 23:27
T0770,acc39,acc79,26720.55,02-01-2025 23:30
T0771,acc65,acc83,8514.93,02-01-2025 23:33
T0772,acc75,acc20,8642.91,02-01-2025 23:36
T0773,acc80,acc93,45109.84,02-01-2025 23:39
T0774,acc44,acc108,46204.09,02-01-2025 23:42
T0775,acc6,acc106,43202.68,02-01-2025 23:45
T0776,acc11,acc6,47432.49,02-01-2025 23:48
T0777,acc99,acc74,13306.33,02-01-2025 23:51
T0778,acc27,acc99,28649.65,02-01-2025 23:54
T0779,acc80,acc82,1611.27,02-01-2025 23:57
T0780,acc114,acc81,27324.32,03-01-2025 00:00
T0781,acc83,acc39,24198.95,03-01-2025 00:03
T0782,acc104,acc88,20364.02,03-01-2025 00:06
T0783,acc59,acc10,34461.82,03-01-2025 00:09
T0784,acc21,acc57,20839.53,03-01-2025 00:12
T0785,acc60,acc27,17075.61,03-01-2025 00:15
T0786,acc19,acc41,43088.11,03-01-2025 00:18
T0787,acc41,acc94,49402.37,03-01-2025 00:21
T0788,acc45,acc52,6625.23,03-01-2025 00:24
T0789,acc48,acc66,28126.4,03-01-2025 00:27
T0790,acc41,acc31,23376.98,03-01-2025 00:30
T0791,acc35,acc58,12471.15,03-01-2025 00:33
T0792,acc13,acc7,14581.58,03-01-2025 00:36
T0793,acc50,acc111,30807.33,03-01-2025 00:39
T0794,acc32,acc111,45125.31,03-01-2025 00:42
T0795,acc105,acc42,46694.2,03-01-2025 00:45
T0796,acc93,acc41,9572.72,03-01-2025 00:48
T0797,acc21,acc64,49798.87,03-01-2025 00:51
T0798,acc60,acc64,43965.88,03-01-2025 00:54
T0799,acc64,acc3,4593.45,03-01-2025 00:57
T0800,acc51,acc65,22915.81,03-01-2025 01:00
T0801,acc31,acc28,29208.87,03-01-2025 01:03
T0802,acc7,acc37,24795.22,03-01-2025 01:06
T0803,acc113,acc108,32747.58,03-01-2025 01:09
T0804,acc61,acc37,26880.87,03-01-2025 01:12
T0805,acc109,acc14,21603.3,03-01-2025 01:15
T0806,acc113,acc34,36402.65,03-01-2025 01:18
T0807,acc98,acc52,18360.27,03-01-2025 01:21
T0808,acc52,acc7,28557.05,03-01-2025 01:24
T0809,acc25,acc47,27705.82,03-01-2025 01:27
T0810,acc10,acc50,25262.35,03-01-2025 01:30
T0811,acc98,acc71,14058.06,03-01-2025 01:33
T0812,acc80,acc88,30591.05,03-01-2025 01:36
T0813,acc17,acc13,19755.8,03-01-2025 01:39
T0814,acc102,acc44,27935.81,03-01-2025 01:42
T0815,acc47,acc97,7298.94,03-01-2025 01:45
T0816,acc78,acc66,20129.22,03-01-2025 01:48
T0817,acc6,acc5,6938.12,03-01-2025 01:51
T0818,acc43,acc103,23739.83,03-01-2025 01:54
T0819,acc59,acc20,30352.4,03-01-2025 01:57
T0820,acc66,acc18,16465.5,03-01-2025 02:00
T0821,acc79,acc41,8208.85,03-01-2025 02:03
T0822,acc79,acc95,42145.84,03-01-2025 02:06
T0823,acc76,acc44,25415.02,03-01-2025 02:09
T0824,acc66,acc69,24543.35,03-01-2025 02:12
T0825,acc73,acc39,23797.14,03-01-2025 02:15
T0826,acc3,acc48,16628.86,03-01-2025 02:18
T0827,acc15,acc54,29226.74,03-01-2025 02:21
T0828,acc102,acc116,36293.68,03-01-2025 02:24
T0829,acc89,acc81,1429.69,03-01-2025 02:27
T0830,acc61,acc34,48356.83,03-01-2025 02:30
T0831,acc101,acc100,28965.87,03-01-2025 02:33
T0832,acc30,acc93,2662.62,03-01-2025 02:36
T0833,acc62,acc22,26259.19,03-01-2025 02:39
T0834,acc93,acc80,38752.85,03-01-2025 02:42
T0835,acc49,acc19,41100.9,03-01-2025 02:45
T0836,acc32,acc5,28671.26,03-01-2025 02:48
T0837,acc90,acc15,9620.14,03-01-2025 02:51
T0838,acc57,acc41,20997.14,03-01-2025 02:54
T0839,acc53,acc89,10274.19,03-01-2025 02:57
T0840,acc65,acc100,30612.76,03-01-2025 03:00
T0841,acc61,acc112,42434.01,03-01-2025 03:03
T0842,acc94,acc8,35318.18,03-01-2025 03:06
T0843,acc67,acc27,28088.25,03-01-2025 03:09
T0844,acc85,acc62,26321.31,03-01-2025 03:12
T0845,acc41,acc23,23037.21,03-01-2025 03:15
T0846,acc69,acc44,27359.03,03-01-2025 03:18
T0847,acc87,acc99,43395.95,03-01-2025 03:21
T0848,acc88,acc83,40202.26,03-01-2025 03:24
T0849,acc34,acc79,24260.59,03-01-2025 03:27
T0850,acc32,acc36,27948.52,03-01-2025 03:30
T0851,acc29,acc39,38581.6,03-01-2025 03:33
T0852,acc91,acc27,34542.97,03-01-2025 03:36
T0853,acc63,acc41,24042.19,03-01-2025 03:39
T0854,acc72,acc120,46730.82,03-01-2025 03:42
T0855,acc93,acc36,14460.69,03-01-2025 03:45
T0856,acc74,acc87,27205.22,03-01-2025 03:48
T0857,acc115,acc51,40937.04,03-01-2025 03:51
T0858,acc99,acc103,7409.16,03-01-2025 03:54
T0859,acc6,acc37,47770.15,03-01-2025 03:57
T0860,acc11,acc45,46208.08,03-01-2025 04:00
T0861,acc84,acc33,37392.19,03-01-2025 04:03
T0862,acc28,acc26,41414.79,03-01-2025 04:06
T0863,acc35,acc120,28144.7,03-01-2025 04:09
T0864,acc35,acc18,5550.41,03-01-2025 04:12
T0865,acc95,acc76,12040.18,03-01-2025 04:15
T0866,acc7,acc86,45268.69,03-01-2025 04:18
T0867,acc29,acc82,11718.54,03-01-2025 04:21
T0868,acc13,acc53,16581.65,03-01-2025 04:24
T0869,acc61,acc13,34091.48,03-01-2025 04:27
T0870,acc18,acc1,48229.49,03-01-2025 04:30
T0871,acc119,acc21,20404.68,03-01-2025 04:33
T0872,acc120,acc113,43932.14,03-01-2025 04:36
T0873,acc62,acc84,10052.85,03-01-2025 04:39
T0874,acc37,acc42,14342.23,03-01-2025 04:42
T0875,acc8,acc117,38459.38,03-01-2025 04:45
T0876,acc84,acc74,11687.79,03-01-2025 04:48
T0877,acc95,acc93,42531.62,03-01-2025 04:51
T0878,acc5,acc117,46081.4,03-01-2025 04:54
T0879,acc54,acc113,41896.48,03-01-2025 04:57
T0880,acc120,acc118,1913.36,03-01-2025 05:00
T0881,acc108,acc51,39419.24,03-01-2025 05:03
T0882,acc24,acc120,37475.26,03-01-2025 05:06
T0883,acc112,acc119,14544.4,03-01-2025 05:09
T0884,acc5,acc2,14989.77,03-01-2025 05:12
T0885,acc78,acc14,46429.9,03-01-2025 05:15
T0886,acc43,acc37,22772.02,03-01-2025 05:18
T0887,acc83,acc70,26263.49,03-01-2025 05:21
T0888,acc114,acc18,42567.88,03-01-2025 05:24
T0889,acc60,acc35,9721.29,03-01-2025 05:27
T0890,acc15,acc43,8208.46,03-01-2025 05:30
T0891,acc59,acc83,12937.52,03-01-2025 05:33
T0892,acc24,acc2,36857.23,03-01-2025 05:36
T0893,acc102,acc38,28432.28,03-01-2025 05:39
T0894,acc97,acc25,8857.2,03-01-2025 05:42
T0895,acc110,acc82,44862.43,03-01-2025 05:45
T0896,acc106,acc55,25812.5,03-01-2025 05:48
T0897,acc12,acc52,33495.87,03-01-2025 05:51
T0898,acc24,acc18,23924.96,03-01-2025 05:54
T0899,acc120,acc32,440.82,03-01-2025 05:57
T0900,acc50,acc31,22392.1,03-01-2025 06:00
T0901,acc35,acc43,15167.1,03-01-2025 06:03
T0902,acc93,acc74,670.64,03-01-2025 06:06
T0903,acc84,acc47,34669.15,03-01-2025 06:09
T0904,acc8,acc86,5999.42,03-01-2025 06:12
T0905,acc40,acc21,20330.29,03-01-2025 06:15
T0906,acc65,acc119,44766.41,03-01-2025 06:18
T0907,acc91,acc99,15617.8,03-01-2025 06:21
T0908,acc16,acc82,45814.91,03-01-2025 06:24
T0909,acc38,acc48,30769.81,03-01-2025 06:27
T0910,acc29,acc18,23961.28,03-01-2025 06:30
T0911,acc59,acc96,49443.01,03-01-2025 06:33
T0912,acc48,acc54,35126.84,03-01-2025 06:36
T0913,acc117,acc61,37891.79,03-01-2025 06:39
T0914,acc103,acc86,41297.62,03-01-2025 06:42
T0915,acc98,acc32,34049.06,03-01-2025 06:45
T0916,acc77,acc112,39389.8,03-01-2025 06:48
T0917,acc68,acc58,26455.84,03-01-2025 06:51
T0918,acc47,acc10,45870.51,03-01-2025 06:54
T0919,acc15,acc8,41455.83,03-01-2025 06:57
T0920,acc116,acc65,10187.62,03-01-2025 07:00
T0921,acc69,acc20,8310.4,03-01-2025 07:03
T0922,acc110,acc67,22147.84,03-01-2025 07:06
T0923,acc88,acc27,35874.21,03-01-2025 07:09
T0924,acc63,acc12,44954.58,03-01-2025 07:12
T0925,acc58,acc104,2876.23,03-01-2025 07:15
T0926,acc17,acc66,20829.69,03-01-2025 07:18
T0927,acc73,acc8,27983.98,03-01-2025 07:21
T0928,acc87,acc104,15477.66,03-01-2025 07:24
T0929,acc3,acc51,12797.42,03-01-2025 07:27
T0930,acc1,acc96,10973.28,03-01-2025 07:30
T0931,acc10,acc6,21242.5,03-01-2025 07:33
T0932,acc90,acc9,27104.06,03-01-2025 07:36
T0933,acc8,acc120,44721.5,03-01-2025 07:39
T0934,acc120,acc61,1683.57,03-01-2025 07:42
T0935,acc53,acc24,38471.71,03-01-2025 07:45
T0936,acc99,acc83,48918.83,03-01-2025 07:48
T0937,acc83,acc54,18785.6,03-01-2025 07:51
T0938,acc115,acc49,22482,03-01-2025 07:54
T0939,acc118,acc117,18937.07,03-01-2025 07:57
T0940,acc11,acc88,48210.8,03-01-2025 08:00
T0941,acc112,acc70,6736.19,03-01-2025 08:03
T0942,acc111,acc45,6019.8,03-01-2025 08:06
T0943,acc69,acc51,26489.24,03-01-2025 08:09
T0944,acc94,acc29,41757.6,03-01-2025 08:12
T0945,acc97,acc3,48926.69,03-01-2025 08:15
T0946,acc60,acc87,35982.79,03-01-2025 08:18
T0947,acc55,acc69,19025.9,03-01-2025 08:21
T0948,acc30,acc32,23085.2,03-01-2025 08:24
T0949,acc20,acc36,9505.17,03-01-2025 08:27
T0950,acc113,acc93,38297.95,03-01-2025 08:30
T0951,acc5,acc104,33043.86,03-01-2025 08:33
T0952,acc79,acc99,46818.27,03-01-2025 08:36
T0953,acc114,acc3,12109.25,03-01-2025 08:39
T0954,acc9,acc13,29737.81,03-01-2025 08:42
T0955,acc58,acc77,33633.98,03-01-2025 08:45
T0956,acc112,acc7,12312.23,03-01-2025 08:48
T0957,acc6,acc52,22004.24,03-01-2025 08:51
T0958,acc70,acc28,37743.85,03-01-2025 08:54
T0959,acc100,acc8,7092.77,03-01-2025 08:57
T0960,acc38,acc30,40807.73,03-01-2025 09:00
T0961,acc94,acc74,16013.29,03-01-2025 09:03
T0962,acc77,acc99,33659.34,03-01-2025 09:06
T0963,acc42,acc31,15158.05,03-01-2025 09:09
T0964,acc19,acc85,26110.43,03-01-2025 09:12
T0965,acc53,acc39,13830.18,03-01-2025 09:15
T0966,acc72,acc76,43997.72,03-01-2025 09:18
T0967,acc117,acc23,31337.06,03-01-2025 09:21
T0968,acc55,acc72,24831.48,03-01-2025 09:24
T0969,acc45,acc83,33599.99,03-01-2025 09:27
T0970,acc101,acc68,16004.85,03-01-2025 09:30
T0971,acc54,acc53,7545.96,03-01-2025 09:33
T0972,acc49,acc24,37745.36,03-01-2025 09:36
T0973,acc61,acc31,42482.11,03-01-2025 09:39
T0974,acc39,acc110,35408.08,03-01-2025 09:42
T0975,acc104,acc60,45745.58,03-01-2025 09:45
T0976,acc72,acc53,48392.53,03-01-2025 09:48
T0977,acc72,acc68,6791.23,03-01-2025 09:51
T0978,acc32,acc33,10246.5,03-01-2025 09:54
T0979,acc83,acc11,46119.08,03-01-2025 09:57
T0980,acc109,acc48,4713.95,03-01-2025 10:00
T0981,acc93,acc107,9605.03,03-01-2025 10:03
T0982,acc35,acc49,33716.23,03-01-2025 10:06
T0983,acc78,acc6,43693.66,03-01-2025 10:09
T0984,acc25,acc103,38108.65,03-01-2025 10:12
T0985,acc93,acc86,27986.64,03-01-2025 10:15
T0986,acc62,acc27,43486.75,03-01-2025 10:18
T0987,acc43,acc39,47855.29,03-01-2025 10:21
T0988,acc2,acc28,46864.27,03-01-2025 10:24
T0989,acc95,acc16,37369.27,03-01-2025 10:27
T0990,acc97,acc62,45730.62,03-01-2025 10:30
T0991,acc90,acc78,35218.05,03-01-2025 10:33
T0992,acc51,acc118,12042.61,03-01-2025 10:36
T0993,acc42,acc100,14224.65,03-01-2025 10:39
T0994,acc60,acc69,32471.19,03-01-2025 10:42
T0995,acc40,acc34,18046.27,03-01-2025 10:45
T0996,acc113,acc64,23353.6,03-01-2025 10:48
T0997,acc103,acc93,23527.57,03-01-2025 10:51
T0998,acc108,acc41,45725.09,03-01-2025 10:54
T0999,acc48,acc41,20755.12,03-01-2025 10:57
T1000,acc73,acc111,11141.58,03-01-2025 11:00
